tag	pass	dataset	conc	t_boot	launcher_md5	image	image_id	env_n	env_sha	keys_n	window	slots	cache	policy	power_limit_w	gpc_boot	mem_boot	gpc_after	mem_after	vram_free	mem_line	pwr_after	pwr_line	boot_tries	vllm	aot_hashes	aot_loaded
P1-decode	-	decode	-	2026-09-28T20:19:28+00:00	b16bc16d2bef304e0d0a5b53b0dbb23e	vllm-qwen38:v0290rc2-nvfp4kv-revival-prs-fi0616-pcieipc-bsshash-mtppcie-mtpcache-eagleshift	sha256:496fe1c83492	39	d8a9a4da68cf	-	-	64	1391795	-	600 575	0 0	4500 4500	0 0	4500 4500	2875/2875	clock offsets: memory +4500, core 0 on every GPU; readback mem 4500 4500 | core 0 0	600 575	launcher: power 600.00/575.00 W	1	0.29.0rc2	514d7234ad16,b32314c7c232	0
A-sharegpt-c1	A	sharegpt	1	2026-09-28T20:32:41+00:00	b16bc16d2bef304e0d0a5b53b0dbb23e	vllm-qwen38:v0290rc2-nvfp4kv-revival-prs-fi0616-pcieipc-bsshash-mtppcie-mtpcache-eagleshift	sha256:496fe1c83492	39	d8a9a4da68cf	-	-	64	1391795	-	600 575	0 0	4500 4500	0 0	4500 4500	3119/3119	clock offsets: memory +4500, core 0 on every GPU; readback mem 4500 4500 | core 0 0	600 575	launcher: power 600.00/575.00 W	1	0.29.0rc2	514d7234ad16,b32314c7c232	4
A-sharegpt-c4	A	sharegpt	4	2026-09-28T20:42:50+00:00	b16bc16d2bef304e0d0a5b53b0dbb23e	vllm-qwen38:v0290rc2-nvfp4kv-revival-prs-fi0616-pcieipc-bsshash-mtppcie-mtpcache-eagleshift	sha256:496fe1c83492	39	d8a9a4da68cf	-	-	64	1391795	-	600 575	0 0	4500 4500	0 0	4500 4500	3115/3115	clock offsets: memory +4500, core 0 on every GPU; readback mem 4500 4500 | core 0 0	600 575	launcher: power 600.00/575.00 W	1	0.29.0rc2	514d7234ad16,b32314c7c232	4
A-sharegpt-c8	A	sharegpt	8	2026-09-28T20:48:16+00:00	b16bc16d2bef304e0d0a5b53b0dbb23e	vllm-qwen38:v0290rc2-nvfp4kv-revival-prs-fi0616-pcieipc-bsshash-mtppcie-mtpcache-eagleshift	sha256:496fe1c83492	39	d8a9a4da68cf	-	-	64	1391795	-	600 575	0 0	4500 4500	0 0	4500 4500	2803/2803	clock offsets: memory +4500, core 0 on every GPU; readback mem 4500 4500 | core 0 0	600 575	launcher: power 600.00/575.00 W	1	0.29.0rc2	514d7234ad16,b32314c7c232	4
A-sharegpt-c16	A	sharegpt	16	2026-09-28T20:53:01+00:00	b16bc16d2bef304e0d0a5b53b0dbb23e	vllm-qwen38:v0290rc2-nvfp4kv-revival-prs-fi0616-pcieipc-bsshash-mtppcie-mtpcache-eagleshift	sha256:496fe1c83492	39	d8a9a4da68cf	-	-	64	1391795	-	600 575	0 0	4500 4500	0 0	4500 4500	2689/2689	clock offsets: memory +4500, core 0 on every GPU; readback mem 4500 4500 | core 0 0	600 575	launcher: power 600.00/575.00 W	1	0.29.0rc2	514d7234ad16,b32314c7c232	4
A-sharegpt-c32	A	sharegpt	32	2026-09-28T20:57:25+00:00	b16bc16d2bef304e0d0a5b53b0dbb23e	vllm-qwen38:v0290rc2-nvfp4kv-revival-prs-fi0616-pcieipc-bsshash-mtppcie-mtpcache-eagleshift	sha256:496fe1c83492	39	d8a9a4da68cf	-	-	64	1391795	-	600 575	0 0	4500 4500	0 0	4500 4500	2599/2599	clock offsets: memory +4500, core 0 on every GPU; readback mem 4500 4500 | core 0 0	600 575	launcher: power 600.00/575.00 W	1	0.29.0rc2	514d7234ad16,b32314c7c232	4
A-sharegpt-c48	A	sharegpt	48	2026-09-28T21:01:37+00:00	b16bc16d2bef304e0d0a5b53b0dbb23e	vllm-qwen38:v0290rc2-nvfp4kv-revival-prs-fi0616-pcieipc-bsshash-mtppcie-mtpcache-eagleshift	sha256:496fe1c83492	39	d8a9a4da68cf	-	-	64	1391795	-	600 575	0 0	4500 4500	0 0	4500 4500	2849/2849	clock offsets: memory +4500, core 0 on every GPU; readback mem 4500 4500 | core 0 0	600 575	launcher: power 600.00/575.00 W	1	0.29.0rc2	514d7234ad16,b32314c7c232	4
A-sharegpt-c64	A	sharegpt	64	2026-09-28T21:05:45+00:00	b16bc16d2bef304e0d0a5b53b0dbb23e	vllm-qwen38:v0290rc2-nvfp4kv-revival-prs-fi0616-pcieipc-bsshash-mtppcie-mtpcache-eagleshift	sha256:496fe1c83492	39	d8a9a4da68cf	-	-	64	1391795	-	600 575	0 0	4500 4500	0 0	4500 4500	2361/2361	clock offsets: memory +4500, core 0 on every GPU; readback mem 4500 4500 | core 0 0	600 575	launcher: power 600.00/575.00 W	1	0.29.0rc2	514d7234ad16,b32314c7c232	4
A-specbench-c1	A	specbench	1	2026-09-28T21:09:54+00:00	b16bc16d2bef304e0d0a5b53b0dbb23e	vllm-qwen38:v0290rc2-nvfp4kv-revival-prs-fi0616-pcieipc-bsshash-mtppcie-mtpcache-eagleshift	sha256:496fe1c83492	39	d8a9a4da68cf	-	-	64	1391795	-	600 575	0 0	4500 4500	0 0	4500 4500	2597/2597	clock offsets: memory +4500, core 0 on every GPU; readback mem 4500 4500 | core 0 0	600 575	launcher: power 600.00/575.00 W	1	0.29.0rc2	514d7234ad16,b32314c7c232	4
A-specbench-c4	A	specbench	4	2026-09-28T21:22:09+00:00	b16bc16d2bef304e0d0a5b53b0dbb23e	vllm-qwen38:v0290rc2-nvfp4kv-revival-prs-fi0616-pcieipc-bsshash-mtppcie-mtpcache-eagleshift	sha256:496fe1c83492	39	d8a9a4da68cf	-	-	64	1391795	-	600 575	0 0	4500 4500	0 0	4500 4500	2345/2345	clock offsets: memory +4500, core 0 on every GPU; readback mem 4500 4500 | core 0 0	600 575	launcher: power 600.00/575.00 W	1	0.29.0rc2	514d7234ad16,b32314c7c232	4
A-specbench-c8	A	specbench	8	2026-09-28T21:28:08+00:00	b16bc16d2bef304e0d0a5b53b0dbb23e	vllm-qwen38:v0290rc2-nvfp4kv-revival-prs-fi0616-pcieipc-bsshash-mtppcie-mtpcache-eagleshift	sha256:496fe1c83492	39	d8a9a4da68cf	-	-	64	1391795	-	600 575	0 0	4500 4500	0 0	4500 4500	3117/3117	clock offsets: memory +4500, core 0 on every GPU; readback mem 4500 4500 | core 0 0	600 575	launcher: power 600.00/575.00 W	1	0.29.0rc2	514d7234ad16,b32314c7c232	4
A-specbench-c16	A	specbench	16	2026-09-28T21:33:11+00:00	b16bc16d2bef304e0d0a5b53b0dbb23e	vllm-qwen38:v0290rc2-nvfp4kv-revival-prs-fi0616-pcieipc-bsshash-mtppcie-mtpcache-eagleshift	sha256:496fe1c83492	39	d8a9a4da68cf	-	-	64	1391795	-	600 575	0 0	4500 4500	0 0	4500 4500	2601/2601	clock offsets: memory +4500, core 0 on every GPU; readback mem 4500 4500 | core 0 0	600 575	launcher: power 600.00/575.00 W	1	0.29.0rc2	514d7234ad16,b32314c7c232	4
A-specbench-c32	A	specbench	32	2026-09-28T21:37:44+00:00	b16bc16d2bef304e0d0a5b53b0dbb23e	vllm-qwen38:v0290rc2-nvfp4kv-revival-prs-fi0616-pcieipc-bsshash-mtppcie-mtpcache-eagleshift	sha256:496fe1c83492	39	d8a9a4da68cf	-	-	64	1391795	-	600 575	0 0	4500 4500	0 0	4500 4500	3097/3097	clock offsets: memory +4500, core 0 on every GPU; readback mem 4500 4500 | core 0 0	600 575	launcher: power 600.00/575.00 W	1	0.29.0rc2	514d7234ad16,b32314c7c232	4
A-specbench-c48	A	specbench	48	2026-09-28T21:42:02+00:00	b16bc16d2bef304e0d0a5b53b0dbb23e	vllm-qwen38:v0290rc2-nvfp4kv-revival-prs-fi0616-pcieipc-bsshash-mtppcie-mtpcache-eagleshift	sha256:496fe1c83492	39	d8a9a4da68cf	-	-	64	1391795	-	600 575	0 0	4500 4500	0 0	4500 4500	2905/2863	clock offsets: memory +4500, core 0 on every GPU; readback mem 4500 4500 | core 0 0	600 575	launcher: power 600.00/575.00 W	1	0.29.0rc2	514d7234ad16,b32314c7c232	4
A-specbench-c64	A	specbench	64	2026-09-28T21:46:15+00:00	b16bc16d2bef304e0d0a5b53b0dbb23e	vllm-qwen38:v0290rc2-nvfp4kv-revival-prs-fi0616-pcieipc-bsshash-mtppcie-mtpcache-eagleshift	sha256:496fe1c83492	39	d8a9a4da68cf	-	-	64	1391795	-	600 575	0 0	4500 4500	0 0	4500 4500	2591/2591	clock offsets: memory +4500, core 0 on every GPU; readback mem 4500 4500 | core 0 0	600 575	launcher: power 600.00/575.00 W	1	0.29.0rc2	514d7234ad16,b32314c7c232	4
B-sharegpt-c1	B	sharegpt	1	2026-09-28T21:51:41+00:00	b16bc16d2bef304e0d0a5b53b0dbb23e	vllm-qwen38:v0290rc2-nvfp4kv-revival-prs-fi0616-pcieipc-bsshash-mtppcie-mtpcache-eagleshift	sha256:496fe1c83492	39	d8a9a4da68cf	-	-	64	1391795	-	600 575	0 0	4500 4500	0 0	4500 4500	2849/2849	clock offsets: memory +4500, core 0 on every GPU; readback mem 4500 4500 | core 0 0	600 575	launcher: power 600.00/575.00 W	2	0.29.0rc2	514d7234ad16,b32314c7c232	4
B-sharegpt-c4	B	sharegpt	4	2026-09-28T22:01:50+00:00	b16bc16d2bef304e0d0a5b53b0dbb23e	vllm-qwen38:v0290rc2-nvfp4kv-revival-prs-fi0616-pcieipc-bsshash-mtppcie-mtpcache-eagleshift	sha256:496fe1c83492	39	d8a9a4da68cf	-	-	64	1391795	-	600 575	0 0	4500 4500	0 0	4500 4500	2865/2865	clock offsets: memory +4500, core 0 on every GPU; readback mem 4500 4500 | core 0 0	600 575	launcher: power 600.00/575.00 W	1	0.29.0rc2	514d7234ad16,b32314c7c232	4
B-sharegpt-c8	B	sharegpt	8	2026-09-28T22:07:13+00:00	b16bc16d2bef304e0d0a5b53b0dbb23e	vllm-qwen38:v0290rc2-nvfp4kv-revival-prs-fi0616-pcieipc-bsshash-mtppcie-mtpcache-eagleshift	sha256:496fe1c83492	39	d8a9a4da68cf	-	-	64	1391795	-	600 575	0 0	4500 4500	0 0	4500 4500	3119/3117	clock offsets: memory +4500, core 0 on every GPU; readback mem 4500 4500 | core 0 0	600 575	launcher: power 600.00/575.00 W	1	0.29.0rc2	514d7234ad16,b32314c7c232	4
B-sharegpt-c16	B	sharegpt	16	2026-09-28T22:11:56+00:00	b16bc16d2bef304e0d0a5b53b0dbb23e	vllm-qwen38:v0290rc2-nvfp4kv-revival-prs-fi0616-pcieipc-bsshash-mtppcie-mtpcache-eagleshift	sha256:496fe1c83492	39	d8a9a4da68cf	-	-	64	1391795	-	600 575	0 0	4500 4500	0 0	4500 4500	2847/2847	clock offsets: memory +4500, core 0 on every GPU; readback mem 4500 4500 | core 0 0	600 575	launcher: power 600.00/575.00 W	1	0.29.0rc2	514d7234ad16,b32314c7c232	4
B-sharegpt-c32	B	sharegpt	32	2026-09-28T22:16:17+00:00	b16bc16d2bef304e0d0a5b53b0dbb23e	vllm-qwen38:v0290rc2-nvfp4kv-revival-prs-fi0616-pcieipc-bsshash-mtppcie-mtpcache-eagleshift	sha256:496fe1c83492	39	d8a9a4da68cf	-	-	64	1391795	-	600 575	0 0	4500 4500	0 0	4500 4500	3083/3083	clock offsets: memory +4500, core 0 on every GPU; readback mem 4500 4500 | core 0 0	600 575	launcher: power 600.00/575.00 W	1	0.29.0rc2	514d7234ad16,b32314c7c232	4
B-sharegpt-c48	B	sharegpt	48	2026-09-28T22:20:27+00:00	b16bc16d2bef304e0d0a5b53b0dbb23e	vllm-qwen38:v0290rc2-nvfp4kv-revival-prs-fi0616-pcieipc-bsshash-mtppcie-mtpcache-eagleshift	sha256:496fe1c83492	39	d8a9a4da68cf	-	-	64	1391795	-	600 575	0 0	4500 4500	0 0	4500 4500	2595/2595	clock offsets: memory +4500, core 0 on every GPU; readback mem 4500 4500 | core 0 0	600 575	launcher: power 600.00/575.00 W	1	0.29.0rc2	514d7234ad16,b32314c7c232	4
B-sharegpt-c64	B	sharegpt	64	2026-09-28T22:24:33+00:00	b16bc16d2bef304e0d0a5b53b0dbb23e	vllm-qwen38:v0290rc2-nvfp4kv-revival-prs-fi0616-pcieipc-bsshash-mtppcie-mtpcache-eagleshift	sha256:496fe1c83492	39	d8a9a4da68cf	-	-	64	1391795	-	600 575	0 0	4500 4500	0 0	4500 4500	3141/3141	clock offsets: memory +4500, core 0 on every GPU; readback mem 4500 4500 | core 0 0	600 575	launcher: power 600.00/575.00 W	1	0.29.0rc2	514d7234ad16,b32314c7c232	4
B-specbench-c1	B	specbench	1	2026-09-28T22:28:40+00:00	b16bc16d2bef304e0d0a5b53b0dbb23e	vllm-qwen38:v0290rc2-nvfp4kv-revival-prs-fi0616-pcieipc-bsshash-mtppcie-mtpcache-eagleshift	sha256:496fe1c83492	39	d8a9a4da68cf	-	-	64	1391795	-	600 575	0 0	4500 4500	0 0	4500 4500	2595/2595	clock offsets: memory +4500, core 0 on every GPU; readback mem 4500 4500 | core 0 0	600 575	launcher: power 600.00/575.00 W	1	0.29.0rc2	514d7234ad16,b32314c7c232	4
B-specbench-c4	B	specbench	4	2026-09-28T22:41:00+00:00	b16bc16d2bef304e0d0a5b53b0dbb23e	vllm-qwen38:v0290rc2-nvfp4kv-revival-prs-fi0616-pcieipc-bsshash-mtppcie-mtpcache-eagleshift	sha256:496fe1c83492	39	d8a9a4da68cf	-	-	64	1391795	-	600 575	0 0	4500 4500	0 0	4500 4500	2849/2847	clock offsets: memory +4500, core 0 on every GPU; readback mem 4500 4500 | core 0 0	600 575	launcher: power 600.00/575.00 W	1	0.29.0rc2	514d7234ad16,b32314c7c232	4
B-specbench-c8	B	specbench	8	2026-09-28T22:46:59+00:00	b16bc16d2bef304e0d0a5b53b0dbb23e	vllm-qwen38:v0290rc2-nvfp4kv-revival-prs-fi0616-pcieipc-bsshash-mtppcie-mtpcache-eagleshift	sha256:496fe1c83492	39	d8a9a4da68cf	-	-	64	1391795	-	600 575	0 0	4500 4500	0 0	4500 4500	2941/2941	clock offsets: memory +4500, core 0 on every GPU; readback mem 4500 4500 | core 0 0	600 575	launcher: power 600.00/575.00 W	1	0.29.0rc2	514d7234ad16,b32314c7c232	4
B-specbench-c16	B	specbench	16	2026-09-28T22:52:04+00:00	b16bc16d2bef304e0d0a5b53b0dbb23e	vllm-qwen38:v0290rc2-nvfp4kv-revival-prs-fi0616-pcieipc-bsshash-mtppcie-mtpcache-eagleshift	sha256:496fe1c83492	39	d8a9a4da68cf	-	-	64	1391795	-	600 575	0 0	4500 4500	0 0	4500 4500	2593/2593	clock offsets: memory +4500, core 0 on every GPU; readback mem 4500 4500 | core 0 0	600 575	launcher: power 600.00/575.00 W	1	0.29.0rc2	514d7234ad16,b32314c7c232	4
B-specbench-c32	B	specbench	32	2026-09-28T22:57:50+00:00	b16bc16d2bef304e0d0a5b53b0dbb23e	vllm-qwen38:v0290rc2-nvfp4kv-revival-prs-fi0616-pcieipc-bsshash-mtppcie-mtpcache-eagleshift	sha256:496fe1c83492	39	d8a9a4da68cf	-	-	64	1391795	-	600 575	0 0	4500 4500	0 0	4500 4500	3101/3101	clock offsets: memory +4500, core 0 on every GPU; readback mem 4500 4500 | core 0 0	600 575	launcher: power 600.00/575.00 W	2	0.29.0rc2	514d7234ad16,b32314c7c232	4
B-specbench-c48	B	specbench	48	2026-09-28T23:02:04+00:00	b16bc16d2bef304e0d0a5b53b0dbb23e	vllm-qwen38:v0290rc2-nvfp4kv-revival-prs-fi0616-pcieipc-bsshash-mtppcie-mtpcache-eagleshift	sha256:496fe1c83492	39	d8a9a4da68cf	-	-	64	1391795	-	600 575	0 0	4500 4500	0 0	4500 4500	2611/2611	clock offsets: memory +4500, core 0 on every GPU; readback mem 4500 4500 | core 0 0	600 575	launcher: power 600.00/575.00 W	1	0.29.0rc2	514d7234ad16,b32314c7c232	4
B-specbench-c64	B	specbench	64	2026-09-28T23:06:17+00:00	b16bc16d2bef304e0d0a5b53b0dbb23e	vllm-qwen38:v0290rc2-nvfp4kv-revival-prs-fi0616-pcieipc-bsshash-mtppcie-mtpcache-eagleshift	sha256:496fe1c83492	39	d8a9a4da68cf	-	-	64	1391795	-	600 575	0 0	4500 4500	0 0	4500 4500	3061/3061	clock offsets: memory +4500, core 0 on every GPU; readback mem 4500 4500 | core 0 0	600 575	launcher: power 600.00/575.00 W	1	0.29.0rc2	514d7234ad16,b32314c7c232	4
