tag	pass	dataset	conc	serial_lo	serial_hi	warmups	catfile	rc	container	n_req	t0	t1	server
A-sharegpt-c1	A	sharegpt	1	0	0	0	-	0	-	400	2026-09-28T20:35:46+00:00	2026-09-28T20:42:45+00:00	server/A-sharegpt-c1.json
A-sharegpt-c4	A	sharegpt	4	0	0	0	-	0	-	400	2026-09-28T20:45:56+00:00	2026-09-28T20:48:11+00:00	server/A-sharegpt-c4.json
A-sharegpt-c8	A	sharegpt	8	0	0	0	-	0	-	400	2026-09-28T20:51:22+00:00	2026-09-28T20:52:56+00:00	server/A-sharegpt-c8.json
A-sharegpt-c16	A	sharegpt	16	0	0	0	-	0	-	400	2026-09-28T20:56:08+00:00	2026-09-28T20:57:20+00:00	server/A-sharegpt-c16.json
A-sharegpt-c32	A	sharegpt	32	0	0	0	-	0	-	400	2026-09-28T21:00:32+00:00	2026-09-28T21:01:32+00:00	server/A-sharegpt-c32.json
A-sharegpt-c48	A	sharegpt	48	0	0	0	-	0	-	400	2026-09-28T21:04:44+00:00	2026-09-28T21:05:41+00:00	server/A-sharegpt-c48.json
A-sharegpt-c64	A	sharegpt	64	0	0	0	-	0	-	400	2026-09-28T21:08:53+00:00	2026-09-28T21:09:49+00:00	server/A-sharegpt-c64.json
A-specbench-c1	A	specbench	1	0	0	0	-	0	-	480	2026-09-28T21:13:01+00:00	2026-09-28T21:22:04+00:00	server/A-specbench-c1.json
A-specbench-c4	A	specbench	4	0	0	0	-	0	-	480	2026-09-28T21:25:15+00:00	2026-09-28T21:28:03+00:00	server/A-specbench-c4.json
A-specbench-c8	A	specbench	8	0	0	0	-	0	-	480	2026-09-28T21:31:14+00:00	2026-09-28T21:33:06+00:00	server/A-specbench-c8.json
A-specbench-c16	A	specbench	16	0	0	0	-	0	-	480	2026-09-28T21:36:16+00:00	2026-09-28T21:37:39+00:00	server/A-specbench-c16.json
A-specbench-c32	A	specbench	32	0	0	0	-	0	-	480	2026-09-28T21:40:50+00:00	2026-09-28T21:41:57+00:00	server/A-specbench-c32.json
A-specbench-c48	A	specbench	48	0	0	0	-	0	-	480	2026-09-28T21:45:09+00:00	2026-09-28T21:46:10+00:00	server/A-specbench-c48.json
A-specbench-c64	A	specbench	64	0	0	0	-	0	-	480	2026-09-28T21:49:23+00:00	2026-09-28T21:50:23+00:00	server/A-specbench-c64.json
B-sharegpt-c1	B	sharegpt	1	0	0	0	-	0	-	400	2026-09-28T21:54:44+00:00	2026-09-28T22:01:45+00:00	server/B-sharegpt-c1.json
B-sharegpt-c4	B	sharegpt	4	0	0	0	-	0	-	400	2026-09-28T22:04:54+00:00	2026-09-28T22:07:08+00:00	server/B-sharegpt-c4.json
B-sharegpt-c8	B	sharegpt	8	0	0	0	-	0	-	400	2026-09-28T22:10:18+00:00	2026-09-28T22:11:51+00:00	server/B-sharegpt-c8.json
B-sharegpt-c16	B	sharegpt	16	0	0	0	-	0	-	400	2026-09-28T22:15:02+00:00	2026-09-28T22:16:12+00:00	server/B-sharegpt-c16.json
B-sharegpt-c32	B	sharegpt	32	0	0	0	-	0	-	400	2026-09-28T22:19:21+00:00	2026-09-28T22:20:22+00:00	server/B-sharegpt-c32.json
B-sharegpt-c48	B	sharegpt	48	0	0	0	-	0	-	400	2026-09-28T22:23:32+00:00	2026-09-28T22:24:28+00:00	server/B-sharegpt-c48.json
B-sharegpt-c64	B	sharegpt	64	0	0	0	-	0	-	400	2026-09-28T22:27:39+00:00	2026-09-28T22:28:35+00:00	server/B-sharegpt-c64.json
B-specbench-c1	B	specbench	1	0	0	0	-	0	-	480	2026-09-28T22:31:45+00:00	2026-09-28T22:40:55+00:00	server/B-specbench-c1.json
B-specbench-c4	B	specbench	4	0	0	0	-	0	-	480	2026-09-28T22:44:06+00:00	2026-09-28T22:46:54+00:00	server/B-specbench-c4.json
B-specbench-c8	B	specbench	8	0	0	0	-	0	-	480	2026-09-28T22:50:06+00:00	2026-09-28T22:51:59+00:00	server/B-specbench-c8.json
B-specbench-c16	B	specbench	16	0	0	0	-	0	-	480	2026-09-28T22:55:11+00:00	2026-09-28T22:56:33+00:00	server/B-specbench-c16.json
B-specbench-c32	B	specbench	32	0	0	0	-	0	-	480	2026-09-28T23:00:53+00:00	2026-09-28T23:01:59+00:00	server/B-specbench-c32.json
B-specbench-c48	B	specbench	48	0	0	0	-	0	-	480	2026-09-28T23:05:11+00:00	2026-09-28T23:06:12+00:00	server/B-specbench-c48.json
B-specbench-c64	B	specbench	64	0	0	0	-	0	-	480	2026-09-28T23:09:22+00:00	2026-09-28T23:10:22+00:00	server/B-specbench-c64.json
