tag	pass	dataset	conc	t_boot	launcher_md5	image	image_id	env_n	env_sha	keys_n	window	slots	cache	policy	power_limit_w	gpc_boot	mem_boot	gpc_after	mem_after	vram_free	mem_line	pwr_after	pwr_line	boot_tries	vllm
A-sharegpt-c1	A	sharegpt	1	2026-09-28T16:09:05+00:00	b16bc16d2bef304e0d0a5b53b0dbb23e	vllm-qwen38:v0290rc2-nvfp4kv-revival-prs-fi0616-pcieipc-bsshash-mtppcie-mtpcache-eagleshift	sha256:496fe1c83492	39	687398674e2b	-	-	16	1391795	-	600 575	0 0	4500 4500	0 0	4500 4500	3433/3423	clock offsets: memory +4500, core 0 on every GPU; readback mem 4500 4500 | core 0 0	600 575	launcher: power 400.00/400.00 W; unit: POWER=stock	1	0.29.0rc2
A-sharegpt-c2	A	sharegpt	2	2026-09-28T16:19:09+00:00	b16bc16d2bef304e0d0a5b53b0dbb23e	vllm-qwen38:v0290rc2-nvfp4kv-revival-prs-fi0616-pcieipc-bsshash-mtppcie-mtpcache-eagleshift	sha256:496fe1c83492	39	687398674e2b	-	-	16	1391795	-	600 575	0 0	4500 4500	0 0	4500 4500	3391/3391	clock offsets: memory +4500, core 0 on every GPU; readback mem 4500 4500 | core 0 0	600 575	launcher: power 400.00/400.00 W; unit: POWER=stock	1	0.29.0rc2
A-sharegpt-c4	A	sharegpt	4	2026-09-28T16:26:13+00:00	b16bc16d2bef304e0d0a5b53b0dbb23e	vllm-qwen38:v0290rc2-nvfp4kv-revival-prs-fi0616-pcieipc-bsshash-mtppcie-mtpcache-eagleshift	sha256:496fe1c83492	39	687398674e2b	-	-	16	1391795	-	600 575	0 0	4500 4500	0 0	4500 4500	3567/3557	clock offsets: memory +4500, core 0 on every GPU; readback mem 4500 4500 | core 0 0	600 575	launcher: power 400.00/400.00 W; unit: POWER=stock	1	0.29.0rc2
A-sharegpt-c6	A	sharegpt	6	2026-09-28T16:31:33+00:00	b16bc16d2bef304e0d0a5b53b0dbb23e	vllm-qwen38:v0290rc2-nvfp4kv-revival-prs-fi0616-pcieipc-bsshash-mtppcie-mtpcache-eagleshift	sha256:496fe1c83492	39	687398674e2b	-	-	16	1391795	-	600 575	0 0	4500 4500	0 0	4500 4500	3677/3677	clock offsets: memory +4500, core 0 on every GPU; readback mem 4500 4500 | core 0 0	600 575	launcher: power 400.00/400.00 W; unit: POWER=stock	1	0.29.0rc2
A-sharegpt-c8	A	sharegpt	8	2026-09-28T16:36:27+00:00	b16bc16d2bef304e0d0a5b53b0dbb23e	vllm-qwen38:v0290rc2-nvfp4kv-revival-prs-fi0616-pcieipc-bsshash-mtppcie-mtpcache-eagleshift	sha256:496fe1c83492	39	687398674e2b	-	-	16	1391795	-	600 575	0 0	4500 4500	0 0	4500 4500	3543/3543	clock offsets: memory +4500, core 0 on every GPU; readback mem 4500 4500 | core 0 0	600 575	launcher: power 400.00/400.00 W; unit: POWER=stock	1	0.29.0rc2
A-sharegpt-c12	A	sharegpt	12	2026-09-28T16:41:04+00:00	b16bc16d2bef304e0d0a5b53b0dbb23e	vllm-qwen38:v0290rc2-nvfp4kv-revival-prs-fi0616-pcieipc-bsshash-mtppcie-mtpcache-eagleshift	sha256:496fe1c83492	39	687398674e2b	-	-	16	1391795	-	600 575	0 0	4500 4500	0 0	4500 4500	3387/3431	clock offsets: memory +4500, core 0 on every GPU; readback mem 4500 4500 | core 0 0	600 575	launcher: power 400.00/400.00 W; unit: POWER=stock	1	0.29.0rc2
A-sharegpt-c16	A	sharegpt	16	2026-09-28T16:45:26+00:00	b16bc16d2bef304e0d0a5b53b0dbb23e	vllm-qwen38:v0290rc2-nvfp4kv-revival-prs-fi0616-pcieipc-bsshash-mtppcie-mtpcache-eagleshift	sha256:496fe1c83492	39	687398674e2b	-	-	16	1391795	-	600 575	0 0	4500 4500	0 0	4500 4500	3465/3465	clock offsets: memory +4500, core 0 on every GPU; readback mem 4500 4500 | core 0 0	600 575	launcher: power 400.00/400.00 W; unit: POWER=stock	1	0.29.0rc2
A-specbench-c1	A	specbench	1	2026-09-28T16:49:42+00:00	b16bc16d2bef304e0d0a5b53b0dbb23e	vllm-qwen38:v0290rc2-nvfp4kv-revival-prs-fi0616-pcieipc-bsshash-mtppcie-mtpcache-eagleshift	sha256:496fe1c83492	39	687398674e2b	-	-	16	1391795	-	600 575	0 0	4500 4500	0 0	4500 4500	3879/3879	clock offsets: memory +4500, core 0 on every GPU; readback mem 4500 4500 | core 0 0	600 575	launcher: power 400.00/400.00 W; unit: POWER=stock	1	0.29.0rc2
A-specbench-c2	A	specbench	2	2026-09-28T17:01:49+00:00	b16bc16d2bef304e0d0a5b53b0dbb23e	vllm-qwen38:v0290rc2-nvfp4kv-revival-prs-fi0616-pcieipc-bsshash-mtppcie-mtpcache-eagleshift	sha256:496fe1c83492	39	687398674e2b	-	-	16	1391795	-	600 575	0 0	4500 4500	0 0	4500 4500	3427/3417	clock offsets: memory +4500, core 0 on every GPU; readback mem 4500 4500 | core 0 0	600 575	launcher: power 400.00/400.00 W; unit: POWER=stock	1	0.29.0rc2
A-specbench-c4	A	specbench	4	2026-09-28T17:09:56+00:00	b16bc16d2bef304e0d0a5b53b0dbb23e	vllm-qwen38:v0290rc2-nvfp4kv-revival-prs-fi0616-pcieipc-bsshash-mtppcie-mtpcache-eagleshift	sha256:496fe1c83492	39	687398674e2b	-	-	16	1391795	-	600 575	0 0	4500 4500	0 0	4500 4500	3433/3423	clock offsets: memory +4500, core 0 on every GPU; readback mem 4500 4500 | core 0 0	600 575	launcher: power 400.00/400.00 W; unit: POWER=stock	1	0.29.0rc2
A-specbench-c6	A	specbench	6	2026-09-28T17:15:45+00:00	b16bc16d2bef304e0d0a5b53b0dbb23e	vllm-qwen38:v0290rc2-nvfp4kv-revival-prs-fi0616-pcieipc-bsshash-mtppcie-mtpcache-eagleshift	sha256:496fe1c83492	39	687398674e2b	-	-	16	1391795	-	600 575	0 0	4500 4500	0 0	4500 4500	3385/3375	clock offsets: memory +4500, core 0 on every GPU; readback mem 4500 4500 | core 0 0	600 575	launcher: power 400.00/400.00 W; unit: POWER=stock	1	0.29.0rc2
A-specbench-c8	A	specbench	8	2026-09-28T17:20:58+00:00	b16bc16d2bef304e0d0a5b53b0dbb23e	vllm-qwen38:v0290rc2-nvfp4kv-revival-prs-fi0616-pcieipc-bsshash-mtppcie-mtpcache-eagleshift	sha256:496fe1c83492	39	687398674e2b	-	-	16	1391795	-	600 575	0 0	4500 4500	0 0	4500 4500	3227/3217	clock offsets: memory +4500, core 0 on every GPU; readback mem 4500 4500 | core 0 0	600 575	launcher: power 400.00/400.00 W; unit: POWER=stock	1	0.29.0rc2
A-specbench-c12	A	specbench	12	2026-09-28T17:25:53+00:00	b16bc16d2bef304e0d0a5b53b0dbb23e	vllm-qwen38:v0290rc2-nvfp4kv-revival-prs-fi0616-pcieipc-bsshash-mtppcie-mtpcache-eagleshift	sha256:496fe1c83492	39	687398674e2b	-	-	16	1391795	-	600 575	0 0	4500 4500	0 0	4500 4500	3669/3669	clock offsets: memory +4500, core 0 on every GPU; readback mem 4500 4500 | core 0 0	600 575	launcher: power 400.00/400.00 W; unit: POWER=stock	1	0.29.0rc2
A-specbench-c16	A	specbench	16	2026-09-28T17:30:26+00:00	b16bc16d2bef304e0d0a5b53b0dbb23e	vllm-qwen38:v0290rc2-nvfp4kv-revival-prs-fi0616-pcieipc-bsshash-mtppcie-mtpcache-eagleshift	sha256:496fe1c83492	39	687398674e2b	-	-	16	1391795	-	600 575	0 0	4500 4500	0 0	4500 4500	3869/3859	clock offsets: memory +4500, core 0 on every GPU; readback mem 4500 4500 | core 0 0	600 575	launcher: power 400.00/400.00 W; unit: POWER=stock	1	0.29.0rc2
B-sharegpt-c1	B	sharegpt	1	2026-09-28T17:34:51+00:00	b16bc16d2bef304e0d0a5b53b0dbb23e	vllm-qwen38:v0290rc2-nvfp4kv-revival-prs-fi0616-pcieipc-bsshash-mtppcie-mtpcache-eagleshift	sha256:496fe1c83492	39	687398674e2b	-	-	16	1391795	-	600 575	0 0	4500 4500	0 0	4500 4500	3671/3671	clock offsets: memory +4500, core 0 on every GPU; readback mem 4500 4500 | core 0 0	600 575	launcher: power 400.00/400.00 W; unit: POWER=stock	1	0.29.0rc2
B-sharegpt-c2	B	sharegpt	2	2026-09-28T17:44:55+00:00	b16bc16d2bef304e0d0a5b53b0dbb23e	vllm-qwen38:v0290rc2-nvfp4kv-revival-prs-fi0616-pcieipc-bsshash-mtppcie-mtpcache-eagleshift	sha256:496fe1c83492	39	687398674e2b	-	-	16	1391795	-	600 575	0 0	4500 4500	0 0	4500 4500	3355/3355	clock offsets: memory +4500, core 0 on every GPU; readback mem 4500 4500 | core 0 0	600 575	launcher: power 400.00/400.00 W; unit: POWER=stock	1	0.29.0rc2
B-sharegpt-c4	B	sharegpt	4	2026-09-28T17:51:56+00:00	b16bc16d2bef304e0d0a5b53b0dbb23e	vllm-qwen38:v0290rc2-nvfp4kv-revival-prs-fi0616-pcieipc-bsshash-mtppcie-mtpcache-eagleshift	sha256:496fe1c83492	39	687398674e2b	-	-	16	1391795	-	600 575	0 0	4500 4500	0 0	4500 4500	3781/3781	clock offsets: memory +4500, core 0 on every GPU; readback mem 4500 4500 | core 0 0	600 575	launcher: power 400.00/400.00 W; unit: POWER=stock	1	0.29.0rc2
B-sharegpt-c6	B	sharegpt	6	2026-09-28T17:59:30+00:00	b16bc16d2bef304e0d0a5b53b0dbb23e	vllm-qwen38:v0290rc2-nvfp4kv-revival-prs-fi0616-pcieipc-bsshash-mtppcie-mtpcache-eagleshift	sha256:496fe1c83492	39	687398674e2b	-	-	16	1391795	-	600 575	0 0	4500 4500	0 0	4500 4500	3469/3469	clock offsets: memory +4500, core 0 on every GPU; readback mem 4500 4500 | core 0 0	600 575	launcher: power 400.00/400.00 W; unit: POWER=stock	3	0.29.0rc2
B-sharegpt-c8	B	sharegpt	8	2026-09-28T18:04:26+00:00	b16bc16d2bef304e0d0a5b53b0dbb23e	vllm-qwen38:v0290rc2-nvfp4kv-revival-prs-fi0616-pcieipc-bsshash-mtppcie-mtpcache-eagleshift	sha256:496fe1c83492	39	687398674e2b	-	-	16	1391795	-	600 575	0 0	4500 4500	0 0	4500 4500	3543/3543	clock offsets: memory +4500, core 0 on every GPU; readback mem 4500 4500 | core 0 0	600 575	launcher: power 400.00/400.00 W; unit: POWER=stock	1	0.29.0rc2
B-sharegpt-c12	B	sharegpt	12	2026-09-28T18:09:06+00:00	b16bc16d2bef304e0d0a5b53b0dbb23e	vllm-qwen38:v0290rc2-nvfp4kv-revival-prs-fi0616-pcieipc-bsshash-mtppcie-mtpcache-eagleshift	sha256:496fe1c83492	39	687398674e2b	-	-	16	1391795	-	600 575	0 0	4500 4500	0 0	4500 4500	3623/3579	clock offsets: memory +4500, core 0 on every GPU; readback mem 4500 4500 | core 0 0	600 575	launcher: power 400.00/400.00 W; unit: POWER=stock	1	0.29.0rc2
B-sharegpt-c16	B	sharegpt	16	2026-09-28T18:13:28+00:00	b16bc16d2bef304e0d0a5b53b0dbb23e	vllm-qwen38:v0290rc2-nvfp4kv-revival-prs-fi0616-pcieipc-bsshash-mtppcie-mtpcache-eagleshift	sha256:496fe1c83492	39	687398674e2b	-	-	16	1391795	-	600 575	0 0	4500 4500	0 0	4500 4500	3163/3145	clock offsets: memory +4500, core 0 on every GPU; readback mem 4500 4500 | core 0 0	600 575	launcher: power 400.00/400.00 W; unit: POWER=stock	1	0.29.0rc2
B-specbench-c1	B	specbench	1	2026-09-28T18:18:58+00:00	b16bc16d2bef304e0d0a5b53b0dbb23e	vllm-qwen38:v0290rc2-nvfp4kv-revival-prs-fi0616-pcieipc-bsshash-mtppcie-mtpcache-eagleshift	sha256:496fe1c83492	39	687398674e2b	-	-	16	1391795	-	600 575	0 0	4500 4500	0 0	4500 4500	3673/3673	clock offsets: memory +4500, core 0 on every GPU; readback mem 4500 4500 | core 0 0	600 575	launcher: power 400.00/400.00 W; unit: POWER=stock	2	0.29.0rc2
B-specbench-c2	B	specbench	2	2026-09-28T18:31:04+00:00	b16bc16d2bef304e0d0a5b53b0dbb23e	vllm-qwen38:v0290rc2-nvfp4kv-revival-prs-fi0616-pcieipc-bsshash-mtppcie-mtpcache-eagleshift	sha256:496fe1c83492	39	687398674e2b	-	-	16	1391795	-	600 575	0 0	4500 4500	0 0	4500 4500	3421/3421	clock offsets: memory +4500, core 0 on every GPU; readback mem 4500 4500 | core 0 0	600 575	launcher: power 400.00/400.00 W; unit: POWER=stock	1	0.29.0rc2
B-specbench-c4	B	specbench	4	2026-09-28T18:39:11+00:00	b16bc16d2bef304e0d0a5b53b0dbb23e	vllm-qwen38:v0290rc2-nvfp4kv-revival-prs-fi0616-pcieipc-bsshash-mtppcie-mtpcache-eagleshift	sha256:496fe1c83492	39	687398674e2b	-	-	16	1391795	-	600 575	0 0	4500 4500	0 0	4500 4500	3471/3471	clock offsets: memory +4500, core 0 on every GPU; readback mem 4500 4500 | core 0 0	600 575	launcher: power 400.00/400.00 W; unit: POWER=stock	1	0.29.0rc2
B-specbench-c6	B	specbench	6	2026-09-28T18:45:01+00:00	b16bc16d2bef304e0d0a5b53b0dbb23e	vllm-qwen38:v0290rc2-nvfp4kv-revival-prs-fi0616-pcieipc-bsshash-mtppcie-mtpcache-eagleshift	sha256:496fe1c83492	39	687398674e2b	-	-	16	1391795	-	600 575	0 0	4500 4500	0 0	4500 4500	3785/3785	clock offsets: memory +4500, core 0 on every GPU; readback mem 4500 4500 | core 0 0	600 575	launcher: power 400.00/400.00 W; unit: POWER=stock	1	0.29.0rc2
B-specbench-c8	B	specbench	8	2026-09-28T18:50:17+00:00	b16bc16d2bef304e0d0a5b53b0dbb23e	vllm-qwen38:v0290rc2-nvfp4kv-revival-prs-fi0616-pcieipc-bsshash-mtppcie-mtpcache-eagleshift	sha256:496fe1c83492	39	687398674e2b	-	-	16	1391795	-	600 575	0 0	4500 4500	0 0	4500 4500	3283/3283	clock offsets: memory +4500, core 0 on every GPU; readback mem 4500 4500 | core 0 0	600 575	launcher: power 400.00/400.00 W; unit: POWER=stock	1	0.29.0rc2
B-specbench-c12	B	specbench	12	2026-09-28T18:55:13+00:00	b16bc16d2bef304e0d0a5b53b0dbb23e	vllm-qwen38:v0290rc2-nvfp4kv-revival-prs-fi0616-pcieipc-bsshash-mtppcie-mtpcache-eagleshift	sha256:496fe1c83492	39	687398674e2b	-	-	16	1391795	-	600 575	0 0	4500 4500	0 0	4500 4500	3673/3673	clock offsets: memory +4500, core 0 on every GPU; readback mem 4500 4500 | core 0 0	600 575	launcher: power 400.00/400.00 W; unit: POWER=stock	1	0.29.0rc2
B-specbench-c16	B	specbench	16	2026-09-28T18:59:47+00:00	b16bc16d2bef304e0d0a5b53b0dbb23e	vllm-qwen38:v0290rc2-nvfp4kv-revival-prs-fi0616-pcieipc-bsshash-mtppcie-mtpcache-eagleshift	sha256:496fe1c83492	39	687398674e2b	-	-	16	1391795	-	600 575	0 0	4500 4500	0 0	4500 4500	3425/3425	clock offsets: memory +4500, core 0 on every GPU; readback mem 4500 4500 | core 0 0	600 575	launcher: power 400.00/400.00 W; unit: POWER=stock	1	0.29.0rc2
